 ,Label,Mean,Ch,Frame
1,Thingl-series-02.tif:0001-0196-0110:1,513.39,1,1
2,Thingl-series-02.tif:0001-0180-0183:1,783.04,1,1
3,Thingl-series-02.tif:0001-0208-0262:1,639.49,1,1
4,Thingl-series-02.tif:0001-0235-0362:1,688.30,1,1
5,Thingl-series-02.tif:0001-0326-0449:1,173.12,1,1
6,Thingl-series-02.tif:0001-0196-0110:2,23324.81,2,1
7,Thingl-series-02.tif:0001-0180-0183:2,23016.43,2,1
8,Thingl-series-02.tif:0001-0208-0262:2,23509.99,2,1
9,Thingl-series-02.tif:0001-0235-0362:2,23340.52,2,1
10,Thingl-series-02.tif:0001-0326-0449:2,24562.21,2,1
11,Thingl-series-02.tif:0001-0196-0110:3,511.74,1,2
12,Thingl-series-02.tif:0001-0180-0183:3,777.73,1,2
13,Thingl-series-02.tif:0001-0208-0262:3,638.42,1,2
14,Thingl-series-02.tif:0001-0235-0362:3,687.48,1,2
15,Thingl-series-02.tif:0001-0326-0449:3,173.55,1,2
16,Thingl-series-02.tif:0001-0196-0110:4,23223.65,2,2
17,Thingl-series-02.tif:0001-0180-0183:4,23028.34,2,2
18,Thingl-series-02.tif:0001-0208-0262:4,23450.70,2,2
19,Thingl-series-02.tif:0001-0235-0362:4,23436.02,2,2
20,Thingl-series-02.tif:0001-0326-0449:4,24650.68,2,2
21,Thingl-series-02.tif:0001-0196-0110:5,513.98,1,3
22,Thingl-series-02.tif:0001-0180-0183:5,781.39,1,3
23,Thingl-series-02.tif:0001-0208-0262:5,639.65,1,3
24,Thingl-series-02.tif:0001-0235-0362:5,689.52,1,3
25,Thingl-series-02.tif:0001-0326-0449:5,174.15,1,3
26,Thingl-series-02.tif:0001-0196-0110:6,23203.33,2,3
27,Thingl-series-02.tif:0001-0180-0183:6,22872.63,2,3
28,Thingl-series-02.tif:0001-0208-0262:6,23480.72,2,3
29,Thingl-series-02.tif:0001-0235-0362:6,23329.76,2,3
30,Thingl-series-02.tif:0001-0326-0449:6,24801.72,2,3
31,Thingl-series-02.tif:0001-0196-0110:7,510.31,1,4
32,Thingl-series-02.tif:0001-0180-0183:7,777.40,1,4
33,Thingl-series-02.tif:0001-0208-0262:7,636.46,1,4
34,Thingl-series-02.tif:0001-0235-0362:7,684.93,1,4
35,Thingl-series-02.tif:0001-0326-0449:7,173.16,1,4
36,Thingl-series-02.tif:0001-0196-0110:8,23235.41,2,4
37,Thingl-series-02.tif:0001-0180-0183:8,22981.12,2,4
38,Thingl-series-02.tif:0001-0208-0262:8,23506.63,2,4
39,Thingl-series-02.tif:0001-0235-0362:8,23328.34,2,4
40,Thingl-series-02.tif:0001-0326-0449:8,24428.30,2,4
41,Thingl-series-02.tif:0001-0196-0110:9,511.39,1,5
42,Thingl-series-02.tif:0001-0180-0183:9,777.95,1,5
43,Thingl-series-02.tif:0001-0208-0262:9,638.18,1,5
44,Thingl-series-02.tif:0001-0235-0362:9,688.39,1,5
45,Thingl-series-02.tif:0001-0326-0449:9,171.49,1,5
46,Thingl-series-02.tif:0001-0196-0110:10,23064.03,2,5
47,Thingl-series-02.tif:0001-0180-0183:10,23011.33,2,5
48,Thingl-series-02.tif:0001-0208-0262:10,23409.17,2,5
49,Thingl-series-02.tif:0001-0235-0362:10,23285.28,2,5
50,Thingl-series-02.tif:0001-0326-0449:10,24212.20,2,5
51,Thingl-series-02.tif:0001-0196-0110:11,506.74,1,6
52,Thingl-series-02.tif:0001-0180-0183:11,774.38,1,6
53,Thingl-series-02.tif:0001-0208-0262:11,635.00,1,6
54,Thingl-series-02.tif:0001-0235-0362:11,684.95,1,6
55,Thingl-series-02.tif:0001-0326-0449:11,170.72,1,6
56,Thingl-series-02.tif:0001-0196-0110:12,22990.41,2,6
57,Thingl-series-02.tif:0001-0180-0183:12,22924.86,2,6
58,Thingl-series-02.tif:0001-0208-0262:12,23399.52,2,6
59,Thingl-series-02.tif:0001-0235-0362:12,23301.97,2,6
60,Thingl-series-02.tif:0001-0326-0449:12,24043.90,2,6
61,Thingl-series-02.tif:0001-0196-0110:13,505.86,1,7
62,Thingl-series-02.tif:0001-0180-0183:13,775.00,1,7
63,Thingl-series-02.tif:0001-0208-0262:13,638.62,1,7
64,Thingl-series-02.tif:0001-0235-0362:13,685.83,1,7
65,Thingl-series-02.tif:0001-0326-0449:13,166.81,1,7
66,Thingl-series-02.tif:0001-0196-0110:14,22724.57,2,7
67,Thingl-series-02.tif:0001-0180-0183:14,22754.23,2,7
68,Thingl-series-02.tif:0001-0208-0262:14,23064.98,2,7
69,Thingl-series-02.tif:0001-0235-0362:14,23088.35,2,7
70,Thingl-series-02.tif:0001-0326-0449:14,23351.86,2,7
71,Thingl-series-02.tif:0001-0196-0110:15,485.03,1,8
72,Thingl-series-02.tif:0001-0180-0183:15,750.79,1,8
73,Thingl-series-02.tif:0001-0208-0262:15,626.30,1,8
74,Thingl-series-02.tif:0001-0235-0362:15,668.71,1,8
75,Thingl-series-02.tif:0001-0326-0449:15,156.66,1,8
76,Thingl-series-02.tif:0001-0196-0110:16,22131.30,2,8
77,Thingl-series-02.tif:0001-0180-0183:16,22255.02,2,8
78,Thingl-series-02.tif:0001-0208-0262:16,22898.33,2,8
79,Thingl-series-02.tif:0001-0235-0362:16,22741.94,2,8
80,Thingl-series-02.tif:0001-0326-0449:16,22420.88,2,8
81,Thingl-series-02.tif:0001-0196-0110:17,470.50,1,9
82,Thingl-series-02.tif:0001-0180-0183:17,727.86,1,9
83,Thingl-series-02.tif:0001-0208-0262:17,622.43,1,9
84,Thingl-series-02.tif:0001-0235-0362:17,665.02,1,9
85,Thingl-series-02.tif:0001-0326-0449:17,151.96,1,9
86,Thingl-series-02.tif:0001-0196-0110:18,21674.34,2,9
87,Thingl-series-02.tif:0001-0180-0183:18,21785.15,2,9
88,Thingl-series-02.tif:0001-0208-0262:18,22575.99,2,9
89,Thingl-series-02.tif:0001-0235-0362:18,22505.12,2,9
90,Thingl-series-02.tif:0001-0326-0449:18,21709.89,2,9
91,Thingl-series-02.tif:0001-0196-0110:19,454.95,1,10
92,Thingl-series-02.tif:0001-0180-0183:19,708.03,1,10
93,Thingl-series-02.tif:0001-0208-0262:19,614.27,1,10
94,Thingl-series-02.tif:0001-0235-0362:19,656.78,1,10
95,Thingl-series-02.tif:0001-0326-0449:19,147.41,1,10
96,Thingl-series-02.tif:0001-0196-0110:20,21361.39,2,10
97,Thingl-series-02.tif:0001-0180-0183:20,21368.24,2,10
98,Thingl-series-02.tif:0001-0208-0262:20,22601.05,2,10
99,Thingl-series-02.tif:0001-0235-0362:20,22314.16,2,10
100,Thingl-series-02.tif:0001-0326-0449:20,21504.35,2,10
101,Thingl-series-02.tif:0001-0196-0110:21,443.42,1,11
102,Thingl-series-02.tif:0001-0180-0183:21,691.84,1,11
103,Thingl-series-02.tif:0001-0208-0262:21,604.71,1,11
104,Thingl-series-02.tif:0001-0235-0362:21,647.44,1,11
105,Thingl-series-02.tif:0001-0326-0449:21,145.08,1,11
106,Thingl-series-02.tif:0001-0196-0110:22,21015.95,2,11
107,Thingl-series-02.tif:0001-0180-0183:22,21115.20,2,11
108,Thingl-series-02.tif:0001-0208-0262:22,22321.86,2,11
109,Thingl-series-02.tif:0001-0235-0362:22,22190.73,2,11
110,Thingl-series-02.tif:0001-0326-0449:22,21049.35,2,11
111,Thingl-series-02.tif:0001-0196-0110:23,436.28,1,12
112,Thingl-series-02.tif:0001-0180-0183:23,681.29,1,12
113,Thingl-series-02.tif:0001-0208-0262:23,594.20,1,12
114,Thingl-series-02.tif:0001-0235-0362:23,636.43,1,12
115,Thingl-series-02.tif:0001-0326-0449:23,142.07,1,12
116,Thingl-series-02.tif:0001-0196-0110:24,20712.38,2,12
117,Thingl-series-02.tif:0001-0180-0183:24,20847.08,2,12
118,Thingl-series-02.tif:0001-0208-0262:24,22135.52,2,12
119,Thingl-series-02.tif:0001-0235-0362:24,21955.93,2,12
120,Thingl-series-02.tif:0001-0326-0449:24,20635.01,2,12
121,Thingl-series-02.tif:0001-0196-0110:25,429.19,1,13
122,Thingl-series-02.tif:0001-0180-0183:25,669.28,1,13
123,Thingl-series-02.tif:0001-0208-0262:25,583.15,1,13
124,Thingl-series-02.tif:0001-0235-0362:25,625.29,1,13
125,Thingl-series-02.tif:0001-0326-0449:25,139.93,1,13
126,Thingl-series-02.tif:0001-0196-0110:26,20476.71,2,13
127,Thingl-series-02.tif:0001-0180-0183:26,20603.81,2,13
128,Thingl-series-02.tif:0001-0208-0262:26,22033.93,2,13
129,Thingl-series-02.tif:0001-0235-0362:26,21697.94,2,13
130,Thingl-series-02.tif:0001-0326-0449:26,20627.48,2,13
131,Thingl-series-02.tif:0001-0196-0110:27,424.20,1,14
132,Thingl-series-02.tif:0001-0180-0183:27,661.99,1,14
133,Thingl-series-02.tif:0001-0208-0262:27,575.88,1,14
134,Thingl-series-02.tif:0001-0235-0362:27,618.62,1,14
135,Thingl-series-02.tif:0001-0326-0449:27,139.07,1,14
136,Thingl-series-02.tif:0001-0196-0110:28,20366.35,2,14
137,Thingl-series-02.tif:0001-0180-0183:28,20623.79,2,14
138,Thingl-series-02.tif:0001-0208-0262:28,21765.62,2,14
139,Thingl-series-02.tif:0001-0235-0362:28,21509.19,2,14
140,Thingl-series-02.tif:0001-0326-0449:28,20461.64,2,14
141,Thingl-series-02.tif:0001-0196-0110:29,417.39,1,15
142,Thingl-series-02.tif:0001-0180-0183:29,652.31,1,15
143,Thingl-series-02.tif:0001-0208-0262:29,563.37,1,15
144,Thingl-series-02.tif:0001-0235-0362:29,607.29,1,15
145,Thingl-series-02.tif:0001-0326-0449:29,137.97,1,15
146,Thingl-series-02.tif:0001-0196-0110:30,20237.27,2,15
147,Thingl-series-02.tif:0001-0180-0183:30,20390.55,2,15
148,Thingl-series-02.tif:0001-0208-0262:30,21564.59,2,15
149,Thingl-series-02.tif:0001-0235-0362:30,21334.22,2,15
150,Thingl-series-02.tif:0001-0326-0449:30,20312.08,2,15
151,Thingl-series-02.tif:0001-0196-0110:31,417.63,1,16
152,Thingl-series-02.tif:0001-0180-0183:31,649.72,1,16
153,Thingl-series-02.tif:0001-0208-0262:31,558.59,1,16
154,Thingl-series-02.tif:0001-0235-0362:31,601.66,1,16
155,Thingl-series-02.tif:0001-0326-0449:31,137.77,1,16
156,Thingl-series-02.tif:0001-0196-0110:32,20102.95,2,16
157,Thingl-series-02.tif:0001-0180-0183:32,20295.70,2,16
158,Thingl-series-02.tif:0001-0208-0262:32,21472.21,2,16
159,Thingl-series-02.tif:0001-0235-0362:32,21237.24,2,16
160,Thingl-series-02.tif:0001-0326-0449:32,20178.18,2,16
161,Thingl-series-02.tif:0001-0196-0110:33,411.62,1,17
162,Thingl-series-02.tif:0001-0180-0183:33,641.37,1,17
163,Thingl-series-02.tif:0001-0208-0262:33,548.77,1,17
164,Thingl-series-02.tif:0001-0235-0362:33,593.66,1,17
165,Thingl-series-02.tif:0001-0326-0449:33,135.40,1,17
166,Thingl-series-02.tif:0001-0196-0110:34,20145.71,2,17
167,Thingl-series-02.tif:0001-0180-0183:34,20178.17,2,17
168,Thingl-series-02.tif:0001-0208-0262:34,21332.64,2,17
169,Thingl-series-02.tif:0001-0235-0362:34,20986.56,2,17
170,Thingl-series-02.tif:0001-0326-0449:34,20255.12,2,17
171,Thingl-series-02.tif:0001-0196-0110:35,410.32,1,18
172,Thingl-series-02.tif:0001-0180-0183:35,640.32,1,18
173,Thingl-series-02.tif:0001-0208-0262:35,548.51,1,18
174,Thingl-series-02.tif:0001-0235-0362:35,589.51,1,18
175,Thingl-series-02.tif:0001-0326-0449:35,134.09,1,18
176,Thingl-series-02.tif:0001-0196-0110:36,20005.65,2,18
177,Thingl-series-02.tif:0001-0180-0183:36,20228.04,2,18
178,Thingl-series-02.tif:0001-0208-0262:36,21206.63,2,18
179,Thingl-series-02.tif:0001-0235-0362:36,21019.92,2,18
180,Thingl-series-02.tif:0001-0326-0449:36,20309.75,2,18
181,Thingl-series-02.tif:0001-0196-0110:37,406.05,1,19
182,Thingl-series-02.tif:0001-0180-0183:37,634.91,1,19
183,Thingl-series-02.tif:0001-0208-0262:37,542.71,1,19
184,Thingl-series-02.tif:0001-0235-0362:37,583.04,1,19
185,Thingl-series-02.tif:0001-0326-0449:37,132.97,1,19
186,Thingl-series-02.tif:0001-0196-0110:38,19950.16,2,19
187,Thingl-series-02.tif:0001-0180-0183:38,20068.51,2,19
188,Thingl-series-02.tif:0001-0208-0262:38,21268.51,2,19
189,Thingl-series-02.tif:0001-0235-0362:38,20869.35,2,19
190,Thingl-series-02.tif:0001-0326-0449:38,20025.46,2,19
191,Thingl-series-02.tif:0001-0196-0110:39,406.76,1,20
192,Thingl-series-02.tif:0001-0180-0183:39,633.64,1,20
193,Thingl-series-02.tif:0001-0208-0262:39,540.76,1,20
194,Thingl-series-02.tif:0001-0235-0362:39,582.00,1,20
195,Thingl-series-02.tif:0001-0326-0449:39,133.60,1,20
196,Thingl-series-02.tif:0001-0196-0110:40,19920.92,2,20
197,Thingl-series-02.tif:0001-0180-0183:40,20150.20,2,20
198,Thingl-series-02.tif:0001-0208-0262:40,21059.38,2,20
199,Thingl-series-02.tif:0001-0235-0362:40,20874.68,2,20
200,Thingl-series-02.tif:0001-0326-0449:40,20050.16,2,20
201,Thingl-series-02.tif:0001-0196-0110:41,405.29,1,21
202,Thingl-series-02.tif:0001-0180-0183:41,631.49,1,21
203,Thingl-series-02.tif:0001-0208-0262:41,536.28,1,21
204,Thingl-series-02.tif:0001-0235-0362:41,578.69,1,21
205,Thingl-series-02.tif:0001-0326-0449:41,132.74,1,21
206,Thingl-series-02.tif:0001-0196-0110:42,19985.91,2,21
207,Thingl-series-02.tif:0001-0180-0183:42,20035.99,2,21
208,Thingl-series-02.tif:0001-0208-0262:42,20990.56,2,21
209,Thingl-series-02.tif:0001-0235-0362:42,20731.55,2,21
210,Thingl-series-02.tif:0001-0326-0449:42,20054.11,2,21
211,Thingl-series-02.tif:0001-0196-0110:43,403.33,1,22
212,Thingl-series-02.tif:0001-0180-0183:43,629.22,1,22
213,Thingl-series-02.tif:0001-0208-0262:43,534.09,1,22
214,Thingl-series-02.tif:0001-0235-0362:43,578.04,1,22
215,Thingl-series-02.tif:0001-0326-0449:43,133.99,1,22
216,Thingl-series-02.tif:0001-0196-0110:44,19804.52,2,22
217,Thingl-series-02.tif:0001-0180-0183:44,20020.88,2,22
218,Thingl-series-02.tif:0001-0208-0262:44,20948.06,2,22
219,Thingl-series-02.tif:0001-0235-0362:44,20646.94,2,22
220,Thingl-series-02.tif:0001-0326-0449:44,20095.79,2,22
221,Thingl-series-02.tif:0001-0196-0110:45,405.51,1,23
222,Thingl-series-02.tif:0001-0180-0183:45,629.88,1,23
223,Thingl-series-02.tif:0001-0208-0262:45,531.03,1,23
224,Thingl-series-02.tif:0001-0235-0362:45,577.27,1,23
225,Thingl-series-02.tif:0001-0326-0449:45,132.24,1,23
226,Thingl-series-02.tif:0001-0196-0110:46,19852.50,2,23
227,Thingl-series-02.tif:0001-0180-0183:46,20033.64,2,23
228,Thingl-series-02.tif:0001-0208-0262:46,20882.62,2,23
229,Thingl-series-02.tif:0001-0235-0362:46,20604.63,2,23
230,Thingl-series-02.tif:0001-0326-0449:46,20123.54,2,23
231,Thingl-series-02.tif:0001-0196-0110:47,403.30,1,24
232,Thingl-series-02.tif:0001-0180-0183:47,625.25,1,24
233,Thingl-series-02.tif:0001-0208-0262:47,526.90,1,24
234,Thingl-series-02.tif:0001-0235-0362:47,572.93,1,24
235,Thingl-series-02.tif:0001-0326-0449:47,132.22,1,24
236,Thingl-series-02.tif:0001-0196-0110:48,19806.96,2,24
237,Thingl-series-02.tif:0001-0180-0183:48,19911.92,2,24
238,Thingl-series-02.tif:0001-0208-0262:48,20825.10,2,24
239,Thingl-series-02.tif:0001-0235-0362:48,20572.23,2,24
240,Thingl-series-02.tif:0001-0326-0449:48,20032.03,2,24
241,Thingl-series-02.tif:0001-0196-0110:49,404.01,1,25
242,Thingl-series-02.tif:0001-0180-0183:49,626.42,1,25
243,Thingl-series-02.tif:0001-0208-0262:49,529.05,1,25
244,Thingl-series-02.tif:0001-0235-0362:49,573.06,1,25
245,Thingl-series-02.tif:0001-0326-0449:49,132.31,1,25
246,Thingl-series-02.tif:0001-0196-0110:50,19718.92,2,25
247,Thingl-series-02.tif:0001-0180-0183:50,19951.20,2,25
248,Thingl-series-02.tif:0001-0208-0262:50,20720.50,2,25
249,Thingl-series-02.tif:0001-0235-0362:50,20443.29,2,25
250,Thingl-series-02.tif:0001-0326-0449:50,19813.09,2,25
251,Thingl-series-02.tif:0001-0196-0110:51,402.52,1,26
252,Thingl-series-02.tif:0001-0180-0183:51,623.45,1,26
253,Thingl-series-02.tif:0001-0208-0262:51,526.54,1,26
254,Thingl-series-02.tif:0001-0235-0362:51,571.51,1,26
255,Thingl-series-02.tif:0001-0326-0449:51,132.16,1,26
256,Thingl-series-02.tif:0001-0196-0110:52,19754.55,2,26
257,Thingl-series-02.tif:0001-0180-0183:52,19969.06,2,26
258,Thingl-series-02.tif:0001-0208-0262:52,20839.01,2,26
259,Thingl-series-02.tif:0001-0235-0362:52,20450.68,2,26
260,Thingl-series-02.tif:0001-0326-0449:52,19715.87,2,26
261,Thingl-series-02.tif:0001-0196-0110:53,402.88,1,27
262,Thingl-series-02.tif:0001-0180-0183:53,623.16,1,27
263,Thingl-series-02.tif:0001-0208-0262:53,529.22,1,27
264,Thingl-series-02.tif:0001-0235-0362:53,572.26,1,27
265,Thingl-series-02.tif:0001-0326-0449:53,132.33,1,27
266,Thingl-series-02.tif:0001-0196-0110:54,19778.05,2,27
267,Thingl-series-02.tif:0001-0180-0183:54,19893.94,2,27
268,Thingl-series-02.tif:0001-0208-0262:54,20838.98,2,27
269,Thingl-series-02.tif:0001-0235-0362:54,20427.04,2,27
270,Thingl-series-02.tif:0001-0326-0449:54,19870.08,2,27
271,Thingl-series-02.tif:0001-0196-0110:55,400.72,1,28
272,Thingl-series-02.tif:0001-0180-0183:55,619.89,1,28
273,Thingl-series-02.tif:0001-0208-0262:55,529.28,1,28
274,Thingl-series-02.tif:0001-0235-0362:55,567.76,1,28
275,Thingl-series-02.tif:0001-0326-0449:55,132.28,1,28
276,Thingl-series-02.tif:0001-0196-0110:56,19586.76,2,28
277,Thingl-series-02.tif:0001-0180-0183:56,19910.39,2,28
278,Thingl-series-02.tif:0001-0208-0262:56,20753.46,2,28
279,Thingl-series-02.tif:0001-0235-0362:56,20316.29,2,28
280,Thingl-series-02.tif:0001-0326-0449:56,19861.82,2,28
281,Thingl-series-02.tif:0001-0196-0110:57,401.05,1,29
282,Thingl-series-02.tif:0001-0180-0183:57,621.11,1,29
283,Thingl-series-02.tif:0001-0208-0262:57,531.89,1,29
284,Thingl-series-02.tif:0001-0235-0362:57,570.43,1,29
285,Thingl-series-02.tif:0001-0326-0449:57,133.02,1,29
286,Thingl-series-02.tif:0001-0196-0110:58,19631.64,2,29
287,Thingl-series-02.tif:0001-0180-0183:58,19897.33,2,29
288,Thingl-series-02.tif:0001-0208-0262:58,20790.84,2,29
289,Thingl-series-02.tif:0001-0235-0362:58,20312.42,2,29
290,Thingl-series-02.tif:0001-0326-0449:58,19754.94,2,29
291,Thingl-series-02.tif:0001-0196-0110:59,399.26,1,30
292,Thingl-series-02.tif:0001-0180-0183:59,617.89,1,30
293,Thingl-series-02.tif:0001-0208-0262:59,531.84,1,30
294,Thingl-series-02.tif:0001-0235-0362:59,567.75,1,30
295,Thingl-series-02.tif:0001-0326-0449:59,132.40,1,30
296,Thingl-series-02.tif:0001-0196-0110:60,19682.91,2,30
297,Thingl-series-02.tif:0001-0180-0183:60,19856.72,2,30
298,Thingl-series-02.tif:0001-0208-0262:60,20787.25,2,30
299,Thingl-series-02.tif:0001-0235-0362:60,20368.56,2,30
300,Thingl-series-02.tif:0001-0326-0449:60,19716.76,2,30
301,Thingl-series-02.tif:0001-0196-0110:61,398.88,1,31
302,Thingl-series-02.tif:0001-0180-0183:61,618.31,1,31
303,Thingl-series-02.tif:0001-0208-0262:61,533.97,1,31
304,Thingl-series-02.tif:0001-0235-0362:61,570.02,1,31
305,Thingl-series-02.tif:0001-0326-0449:61,132.71,1,31
306,Thingl-series-02.tif:0001-0196-0110:62,19610.19,2,31
307,Thingl-series-02.tif:0001-0180-0183:62,19846.01,2,31
308,Thingl-series-02.tif:0001-0208-0262:62,20896.68,2,31
309,Thingl-series-02.tif:0001-0235-0362:62,20244.76,2,31
310,Thingl-series-02.tif:0001-0326-0449:62,19858.62,2,31
311,Thingl-series-02.tif:0001-0196-0110:63,396.90,1,32
312,Thingl-series-02.tif:0001-0180-0183:63,614.95,1,32
313,Thingl-series-02.tif:0001-0208-0262:63,532.44,1,32
314,Thingl-series-02.tif:0001-0235-0362:63,565.83,1,32
315,Thingl-series-02.tif:0001-0326-0449:63,130.97,1,32
316,Thingl-series-02.tif:0001-0196-0110:64,19725.44,2,32
317,Thingl-series-02.tif:0001-0180-0183:64,19804.62,2,32
318,Thingl-series-02.tif:0001-0208-0262:64,20909.63,2,32
319,Thingl-series-02.tif:0001-0235-0362:64,20294.33,2,32
320,Thingl-series-02.tif:0001-0326-0449:64,19739.57,2,32
321,Thingl-series-02.tif:0001-0196-0110:65,397.59,1,33
322,Thingl-series-02.tif:0001-0180-0183:65,615.83,1,33
323,Thingl-series-02.tif:0001-0208-0262:65,534.98,1,33
324,Thingl-series-02.tif:0001-0235-0362:65,569.19,1,33
325,Thingl-series-02.tif:0001-0326-0449:65,132.10,1,33
326,Thingl-series-02.tif:0001-0196-0110:66,19642.59,2,33
327,Thingl-series-02.tif:0001-0180-0183:66,19752.86,2,33
328,Thingl-series-02.tif:0001-0208-0262:66,20810.64,2,33
329,Thingl-series-02.tif:0001-0235-0362:66,20295.36,2,33
330,Thingl-series-02.tif:0001-0326-0449:66,19831.96,2,33
331,Thingl-series-02.tif:0001-0196-0110:67,397.10,1,34
332,Thingl-series-02.tif:0001-0180-0183:67,614.56,1,34
333,Thingl-series-02.tif:0001-0208-0262:67,533.82,1,34
334,Thingl-series-02.tif:0001-0235-0362:67,565.98,1,34
335,Thingl-series-02.tif:0001-0326-0449:67,131.28,1,34
336,Thingl-series-02.tif:0001-0196-0110:68,19552.29,2,34
337,Thingl-series-02.tif:0001-0180-0183:68,19813.28,2,34
338,Thingl-series-02.tif:0001-0208-0262:68,20857.72,2,34
339,Thingl-series-02.tif:0001-0235-0362:68,20231.63,2,34
340,Thingl-series-02.tif:0001-0326-0449:68,19773.43,2,34
341,Thingl-series-02.tif:0001-0196-0110:69,391.33,1,35
342,Thingl-series-02.tif:0001-0180-0183:69,610.71,1,35
343,Thingl-series-02.tif:0001-0208-0262:69,533.20,1,35
344,Thingl-series-02.tif:0001-0235-0362:69,565.45,1,35
345,Thingl-series-02.tif:0001-0326-0449:69,131.51,1,35
346,Thingl-series-02.tif:0001-0196-0110:70,19726.59,2,35
347,Thingl-series-02.tif:0001-0180-0183:70,19810.50,2,35
348,Thingl-series-02.tif:0001-0208-0262:70,20860.85,2,35
349,Thingl-series-02.tif:0001-0235-0362:70,20204.91,2,35
350,Thingl-series-02.tif:0001-0326-0449:70,19663.17,2,35
351,Thingl-series-02.tif:0001-0196-0110:71,388.19,1,36
352,Thingl-series-02.tif:0001-0180-0183:71,610.86,1,36
353,Thingl-series-02.tif:0001-0208-0262:71,534.19,1,36
354,Thingl-series-02.tif:0001-0235-0362:71,566.62,1,36
355,Thingl-series-02.tif:0001-0326-0449:71,131.94,1,36
356,Thingl-series-02.tif:0001-0196-0110:72,19658.03,2,36
357,Thingl-series-02.tif:0001-0180-0183:72,19808.77,2,36
358,Thingl-series-02.tif:0001-0208-0262:72,20719.41,2,36
359,Thingl-series-02.tif:0001-0235-0362:72,20296.16,2,36
360,Thingl-series-02.tif:0001-0326-0449:72,19772.95,2,36
361,Thingl-series-02.tif:0001-0196-0110:73,383.86,1,37
362,Thingl-series-02.tif:0001-0180-0183:73,607.48,1,37
363,Thingl-series-02.tif:0001-0208-0262:73,530.98,1,37
364,Thingl-series-02.tif:0001-0235-0362:73,565.00,1,37
365,Thingl-series-02.tif:0001-0326-0449:73,131.04,1,37
366,Thingl-series-02.tif:0001-0196-0110:74,19554.88,2,37
367,Thingl-series-02.tif:0001-0180-0183:74,19687.48,2,37
368,Thingl-series-02.tif:0001-0208-0262:74,20754.65,2,37
369,Thingl-series-02.tif:0001-0235-0362:74,20216.64,2,37
370,Thingl-series-02.tif:0001-0326-0449:74,19980.06,2,37
371,Thingl-series-02.tif:0001-0196-0110:75,383.87,1,38
372,Thingl-series-02.tif:0001-0180-0183:75,608.92,1,38
373,Thingl-series-02.tif:0001-0208-0262:75,531.13,1,38
374,Thingl-series-02.tif:0001-0235-0362:75,565.04,1,38
375,Thingl-series-02.tif:0001-0326-0449:75,131.50,1,38
376,Thingl-series-02.tif:0001-0196-0110:76,19448.88,2,38
377,Thingl-series-02.tif:0001-0180-0183:76,19788.30,2,38
378,Thingl-series-02.tif:0001-0208-0262:76,20799.05,2,38
379,Thingl-series-02.tif:0001-0235-0362:76,20175.17,2,38
380,Thingl-series-02.tif:0001-0326-0449:76,19547.51,2,38
381,Thingl-series-02.tif:0001-0196-0110:77,380.89,1,39
382,Thingl-series-02.tif:0001-0180-0183:77,608.77,1,39
383,Thingl-series-02.tif:0001-0208-0262:77,527.19,1,39
384,Thingl-series-02.tif:0001-0235-0362:77,561.44,1,39
385,Thingl-series-02.tif:0001-0326-0449:77,129.97,1,39
386,Thingl-series-02.tif:0001-0196-0110:78,19407.05,2,39
387,Thingl-series-02.tif:0001-0180-0183:78,19670.43,2,39
388,Thingl-series-02.tif:0001-0208-0262:78,20757.71,2,39
389,Thingl-series-02.tif:0001-0235-0362:78,20225.66,2,39
390,Thingl-series-02.tif:0001-0326-0449:78,19669.29,2,39
391,Thingl-series-02.tif:0001-0196-0110:79,380.76,1,40
392,Thingl-series-02.tif:0001-0180-0183:79,611.13,1,40
393,Thingl-series-02.tif:0001-0208-0262:79,529.11,1,40
394,Thingl-series-02.tif:0001-0235-0362:79,563.92,1,40
395,Thingl-series-02.tif:0001-0326-0449:79,130.58,1,40
396,Thingl-series-02.tif:0001-0196-0110:80,19398.46,2,40
397,Thingl-series-02.tif:0001-0180-0183:80,19706.79,2,40
398,Thingl-series-02.tif:0001-0208-0262:80,20721.44,2,40
399,Thingl-series-02.tif:0001-0235-0362:80,20233.39,2,40
400,Thingl-series-02.tif:0001-0326-0449:80,19657.86,2,40
401,Thingl-series-02.tif:0001-0196-0110:81,377.52,1,41
402,Thingl-series-02.tif:0001-0180-0183:81,609.72,1,41
403,Thingl-series-02.tif:0001-0208-0262:81,526.95,1,41
404,Thingl-series-02.tif:0001-0235-0362:81,560.92,1,41
405,Thingl-series-02.tif:0001-0326-0449:81,129.80,1,41
406,Thingl-series-02.tif:0001-0196-0110:82,19358.52,2,41
407,Thingl-series-02.tif:0001-0180-0183:82,19770.81,2,41
408,Thingl-series-02.tif:0001-0208-0262:82,20712.73,2,41
409,Thingl-series-02.tif:0001-0235-0362:82,20141.14,2,41
410,Thingl-series-02.tif:0001-0326-0449:82,19841.94,2,41
411,Thingl-series-02.tif:0001-0196-0110:83,379.10,1,42
412,Thingl-series-02.tif:0001-0180-0183:83,612.21,1,42
413,Thingl-series-02.tif:0001-0208-0262:83,528.70,1,42
414,Thingl-series-02.tif:0001-0235-0362:83,564.64,1,42
415,Thingl-series-02.tif:0001-0326-0449:83,130.94,1,42
416,Thingl-series-02.tif:0001-0196-0110:84,19314.19,2,42
417,Thingl-series-02.tif:0001-0180-0183:84,19696.62,2,42
418,Thingl-series-02.tif:0001-0208-0262:84,20709.04,2,42
419,Thingl-series-02.tif:0001-0235-0362:84,20161.43,2,42
420,Thingl-series-02.tif:0001-0326-0449:84,19671.77,2,42
421,Thingl-series-02.tif:0001-0196-0110:85,376.75,1,43
422,Thingl-series-02.tif:0001-0180-0183:85,608.72,1,43
423,Thingl-series-02.tif:0001-0208-0262:85,526.12,1,43
424,Thingl-series-02.tif:0001-0235-0362:85,561.28,1,43
425,Thingl-series-02.tif:0001-0326-0449:85,130.31,1,43
426,Thingl-series-02.tif:0001-0196-0110:86,19259.69,2,43
427,Thingl-series-02.tif:0001-0180-0183:86,19693.63,2,43
428,Thingl-series-02.tif:0001-0208-0262:86,20660.97,2,43
429,Thingl-series-02.tif:0001-0235-0362:86,20158.98,2,43
430,Thingl-series-02.tif:0001-0326-0449:86,19546.48,2,43
431,Thingl-series-02.tif:0001-0196-0110:87,377.82,1,44
432,Thingl-series-02.tif:0001-0180-0183:87,608.47,1,44
433,Thingl-series-02.tif:0001-0208-0262:87,525.82,1,44
434,Thingl-series-02.tif:0001-0235-0362:87,563.57,1,44
435,Thingl-series-02.tif:0001-0326-0449:87,131.37,1,44
436,Thingl-series-02.tif:0001-0196-0110:88,19301.82,2,44
437,Thingl-series-02.tif:0001-0180-0183:88,19758.57,2,44
438,Thingl-series-02.tif:0001-0208-0262:88,20600.11,2,44
439,Thingl-series-02.tif:0001-0235-0362:88,20103.51,2,44
440,Thingl-series-02.tif:0001-0326-0449:88,19738.52,2,44
441,Thingl-series-02.tif:0001-0196-0110:89,374.81,1,45
442,Thingl-series-02.tif:0001-0180-0183:89,606.88,1,45
443,Thingl-series-02.tif:0001-0208-0262:89,522.94,1,45
444,Thingl-series-02.tif:0001-0235-0362:89,561.10,1,45
445,Thingl-series-02.tif:0001-0326-0449:89,131.31,1,45
446,Thingl-series-02.tif:0001-0196-0110:90,19373.64,2,45
447,Thingl-series-02.tif:0001-0180-0183:90,19643.62,2,45
448,Thingl-series-02.tif:0001-0208-0262:90,20635.69,2,45
449,Thingl-series-02.tif:0001-0235-0362:90,20024.45,2,45
450,Thingl-series-02.tif:0001-0326-0449:90,19702.48,2,45
451,Thingl-series-02.tif:0001-0196-0110:91,375.19,1,46
452,Thingl-series-02.tif:0001-0180-0183:91,608.58,1,46
453,Thingl-series-02.tif:0001-0208-0262:91,526.33,1,46
454,Thingl-series-02.tif:0001-0235-0362:91,563.61,1,46
455,Thingl-series-02.tif:0001-0326-0449:91,131.19,1,46
456,Thingl-series-02.tif:0001-0196-0110:92,19276.30,2,46
457,Thingl-series-02.tif:0001-0180-0183:92,19741.95,2,46
458,Thingl-series-02.tif:0001-0208-0262:92,20582.81,2,46
459,Thingl-series-02.tif:0001-0235-0362:92,20169.75,2,46
460,Thingl-series-02.tif:0001-0326-0449:92,19733.91,2,46
461,Thingl-series-02.tif:0001-0196-0110:93,374.78,1,47
462,Thingl-series-02.tif:0001-0180-0183:93,607.97,1,47
463,Thingl-series-02.tif:0001-0208-0262:93,522.92,1,47
464,Thingl-series-02.tif:0001-0235-0362:93,561.73,1,47
465,Thingl-series-02.tif:0001-0326-0449:93,130.40,1,47
466,Thingl-series-02.tif:0001-0196-0110:94,19296.01,2,47
467,Thingl-series-02.tif:0001-0180-0183:94,19722.97,2,47
468,Thingl-series-02.tif:0001-0208-0262:94,20543.80,2,47
469,Thingl-series-02.tif:0001-0235-0362:94,20084.97,2,47
470,Thingl-series-02.tif:0001-0326-0449:94,19816.85,2,47
471,Thingl-series-02.tif:0001-0196-0110:95,373.57,1,48
472,Thingl-series-02.tif:0001-0180-0183:95,607.37,1,48
473,Thingl-series-02.tif:0001-0208-0262:95,520.01,1,48
474,Thingl-series-02.tif:0001-0235-0362:95,561.39,1,48
475,Thingl-series-02.tif:0001-0326-0449:95,131.03,1,48
476,Thingl-series-02.tif:0001-0196-0110:96,19361.00,2,48
477,Thingl-series-02.tif:0001-0180-0183:96,19728.81,2,48
478,Thingl-series-02.tif:0001-0208-0262:96,20562.74,2,48
479,Thingl-series-02.tif:0001-0235-0362:96,20117.18,2,48
480,Thingl-series-02.tif:0001-0326-0449:96,19531.67,2,48
481,Thingl-series-02.tif:0001-0196-0110:97,373.85,1,49
482,Thingl-series-02.tif:0001-0180-0183:97,606.71,1,49
483,Thingl-series-02.tif:0001-0208-0262:97,518.74,1,49
484,Thingl-series-02.tif:0001-0235-0362:97,562.82,1,49
485,Thingl-series-02.tif:0001-0326-0449:97,131.07,1,49
486,Thingl-series-02.tif:0001-0196-0110:98,19310.68,2,49
487,Thingl-series-02.tif:0001-0180-0183:98,19671.41,2,49
488,Thingl-series-02.tif:0001-0208-0262:98,20591.39,2,49
489,Thingl-series-02.tif:0001-0235-0362:98,20117.20,2,49
490,Thingl-series-02.tif:0001-0326-0449:98,19716.08,2,49
491,Thingl-series-02.tif:0001-0196-0110:99,372.04,1,50
492,Thingl-series-02.tif:0001-0180-0183:99,604.29,1,50
493,Thingl-series-02.tif:0001-0208-0262:99,516.01,1,50
494,Thingl-series-02.tif:0001-0235-0362:99,560.71,1,50
495,Thingl-series-02.tif:0001-0326-0449:99,131.07,1,50
496,Thingl-series-02.tif:0001-0196-0110:100,19332.74,2,50
497,Thingl-series-02.tif:0001-0180-0183:100,19770.30,2,50
498,Thingl-series-02.tif:0001-0208-0262:100,20532.74,2,50
499,Thingl-series-02.tif:0001-0235-0362:100,20106.49,2,50
500,Thingl-series-02.tif:0001-0326-0449:100,19501.70,2,50
501,Thingl-series-02.tif:0001-0196-0110:101,372.68,1,51
502,Thingl-series-02.tif:0001-0180-0183:101,603.89,1,51
503,Thingl-series-02.tif:0001-0208-0262:101,515.07,1,51
504,Thingl-series-02.tif:0001-0235-0362:101,561.89,1,51
505,Thingl-series-02.tif:0001-0326-0449:101,131.93,1,51
506,Thingl-series-02.tif:0001-0196-0110:102,19150.42,2,51
507,Thingl-series-02.tif:0001-0180-0183:102,19715.02,2,51
508,Thingl-series-02.tif:0001-0208-0262:102,20558.81,2,51
509,Thingl-series-02.tif:0001-0235-0362:102,20058.60,2,51
510,Thingl-series-02.tif:0001-0326-0449:102,19720.33,2,51
511,Thingl-series-02.tif:0001-0196-0110:103,371.97,1,52
512,Thingl-series-02.tif:0001-0180-0183:103,601.81,1,52
513,Thingl-series-02.tif:0001-0208-0262:103,512.72,1,52
514,Thingl-series-02.tif:0001-0235-0362:103,558.64,1,52
515,Thingl-series-02.tif:0001-0326-0449:103,130.69,1,52
516,Thingl-series-02.tif:0001-0196-0110:104,19234.26,2,52
517,Thingl-series-02.tif:0001-0180-0183:104,19743.41,2,52
518,Thingl-series-02.tif:0001-0208-0262:104,20561.35,2,52
519,Thingl-series-02.tif:0001-0235-0362:104,20091.69,2,52
520,Thingl-series-02.tif:0001-0326-0449:104,19670.46,2,52
521,Thingl-series-02.tif:0001-0196-0110:105,374.47,1,53
522,Thingl-series-02.tif:0001-0180-0183:105,603.40,1,53
523,Thingl-series-02.tif:0001-0208-0262:105,514.60,1,53
524,Thingl-series-02.tif:0001-0235-0362:105,562.34,1,53
525,Thingl-series-02.tif:0001-0326-0449:105,130.77,1,53
526,Thingl-series-02.tif:0001-0196-0110:106,19254.80,2,53
527,Thingl-series-02.tif:0001-0180-0183:106,19686.87,2,53
528,Thingl-series-02.tif:0001-0208-0262:106,20504.24,2,53
529,Thingl-series-02.tif:0001-0235-0362:106,20050.90,2,53
530,Thingl-series-02.tif:0001-0326-0449:106,19627.30,2,53
531,Thingl-series-02.tif:0001-0196-0110:107,372.61,1,54
532,Thingl-series-02.tif:0001-0180-0183:107,601.54,1,54
533,Thingl-series-02.tif:0001-0208-0262:107,511.49,1,54
534,Thingl-series-02.tif:0001-0235-0362:107,558.93,1,54
535,Thingl-series-02.tif:0001-0326-0449:107,129.33,1,54
536,Thingl-series-02.tif:0001-0196-0110:108,19201.32,2,54
537,Thingl-series-02.tif:0001-0180-0183:108,19772.99,2,54
538,Thingl-series-02.tif:0001-0208-0262:108,20534.05,2,54
539,Thingl-series-02.tif:0001-0235-0362:108,19990.09,2,54
540,Thingl-series-02.tif:0001-0326-0449:108,19488.74,2,54
541,Thingl-series-02.tif:0001-0196-0110:109,375.21,1,55
542,Thingl-series-02.tif:0001-0180-0183:109,604.74,1,55
543,Thingl-series-02.tif:0001-0208-0262:109,513.91,1,55
544,Thingl-series-02.tif:0001-0235-0362:109,561.78,1,55
545,Thingl-series-02.tif:0001-0326-0449:109,129.86,1,55
546,Thingl-series-02.tif:0001-0196-0110:110,19332.62,2,55
547,Thingl-series-02.tif:0001-0180-0183:110,19766.12,2,55
548,Thingl-series-02.tif:0001-0208-0262:110,20461.72,2,55
549,Thingl-series-02.tif:0001-0235-0362:110,20063.65,2,55
550,Thingl-series-02.tif:0001-0326-0449:110,19529.44,2,55
551,Thingl-series-02.tif:0001-0196-0110:111,373.75,1,56
552,Thingl-series-02.tif:0001-0180-0183:111,603.14,1,56
553,Thingl-series-02.tif:0001-0208-0262:111,511.63,1,56
554,Thingl-series-02.tif:0001-0235-0362:111,559.95,1,56
555,Thingl-series-02.tif:0001-0326-0449:111,128.91,1,56
556,Thingl-series-02.tif:0001-0196-0110:112,19201.17,2,56
557,Thingl-series-02.tif:0001-0180-0183:112,19723.84,2,56
558,Thingl-series-02.tif:0001-0208-0262:112,20400.22,2,56
559,Thingl-series-02.tif:0001-0235-0362:112,20063.32,2,56
560,Thingl-series-02.tif:0001-0326-0449:112,19624.27,2,56
561,Thingl-series-02.tif:0001-0196-0110:113,375.69,1,57
562,Thingl-series-02.tif:0001-0180-0183:113,604.37,1,57
563,Thingl-series-02.tif:0001-0208-0262:113,511.62,1,57
564,Thingl-series-02.tif:0001-0235-0362:113,562.24,1,57
565,Thingl-series-02.tif:0001-0326-0449:113,129.32,1,57
566,Thingl-series-02.tif:0001-0196-0110:114,19144.31,2,57
567,Thingl-series-02.tif:0001-0180-0183:114,19667.10,2,57
568,Thingl-series-02.tif:0001-0208-0262:114,20461.75,2,57
569,Thingl-series-02.tif:0001-0235-0362:114,20048.29,2,57
570,Thingl-series-02.tif:0001-0326-0449:114,19681.21,2,57
571,Thingl-series-02.tif:0001-0196-0110:115,372.24,1,58
572,Thingl-series-02.tif:0001-0180-0183:115,601.30,1,58
573,Thingl-series-02.tif:0001-0208-0262:115,507.75,1,58
574,Thingl-series-02.tif:0001-0235-0362:115,560.12,1,58
575,Thingl-series-02.tif:0001-0326-0449:115,129.18,1,58
576,Thingl-series-02.tif:0001-0196-0110:116,19171.82,2,58
577,Thingl-series-02.tif:0001-0180-0183:116,19582.82,2,58
578,Thingl-series-02.tif:0001-0208-0262:116,20422.35,2,58
579,Thingl-series-02.tif:0001-0235-0362:116,20013.80,2,58
580,Thingl-series-02.tif:0001-0326-0449:116,19582.44,2,58
581,Thingl-series-02.tif:0001-0196-0110:117,373.65,1,59
582,Thingl-series-02.tif:0001-0180-0183:117,597.00,1,59
583,Thingl-series-02.tif:0001-0208-0262:117,507.08,1,59
584,Thingl-series-02.tif:0001-0235-0362:117,560.95,1,59
585,Thingl-series-02.tif:0001-0326-0449:117,130.32,1,59
586,Thingl-series-02.tif:0001-0196-0110:118,19408.26,2,59
587,Thingl-series-02.tif:0001-0180-0183:118,19669.20,2,59
588,Thingl-series-02.tif:0001-0208-0262:118,20374.74,2,59
589,Thingl-series-02.tif:0001-0235-0362:118,20059.29,2,59
590,Thingl-series-02.tif:0001-0326-0449:118,19601.28,2,59
591,Thingl-series-02.tif:0001-0196-0110:119,374.29,1,60
592,Thingl-series-02.tif:0001-0180-0183:119,599.33,1,60
593,Thingl-series-02.tif:0001-0208-0262:119,506.32,1,60
594,Thingl-series-02.tif:0001-0235-0362:119,560.84,1,60
595,Thingl-series-02.tif:0001-0326-0449:119,130.06,1,60
596,Thingl-series-02.tif:0001-0196-0110:120,19123.71,2,60
597,Thingl-series-02.tif:0001-0180-0183:120,19579.71,2,60
598,Thingl-series-02.tif:0001-0208-0262:120,20336.04,2,60
599,Thingl-series-02.tif:0001-0235-0362:120,20051.25,2,60
600,Thingl-series-02.tif:0001-0326-0449:120,19446.16,2,60
601,Thingl-series-02.tif:0001-0196-0110:121,373.79,1,61
602,Thingl-series-02.tif:0001-0180-0183:121,596.60,1,61
603,Thingl-series-02.tif:0001-0208-0262:121,505.22,1,61
604,Thingl-series-02.tif:0001-0235-0362:121,562.28,1,61
605,Thingl-series-02.tif:0001-0326-0449:121,129.88,1,61
606,Thingl-series-02.tif:0001-0196-0110:122,19204.59,2,61
607,Thingl-series-02.tif:0001-0180-0183:122,19635.02,2,61
608,Thingl-series-02.tif:0001-0208-0262:122,20441.52,2,61
609,Thingl-series-02.tif:0001-0235-0362:122,20040.06,2,61
610,Thingl-series-02.tif:0001-0326-0449:122,19551.03,2,61
611,Thingl-series-02.tif:0001-0196-0110:123,375.91,1,62
612,Thingl-series-02.tif:0001-0180-0183:123,600.21,1,62
613,Thingl-series-02.tif:0001-0208-0262:123,507.27,1,62
614,Thingl-series-02.tif:0001-0235-0362:123,565.90,1,62
615,Thingl-series-02.tif:0001-0326-0449:123,130.64,1,62
616,Thingl-series-02.tif:0001-0196-0110:124,19202.66,2,62
617,Thingl-series-02.tif:0001-0180-0183:124,19543.07,2,62
618,Thingl-series-02.tif:0001-0208-0262:124,20247.79,2,62
619,Thingl-series-02.tif:0001-0235-0362:124,19941.07,2,62
620,Thingl-series-02.tif:0001-0326-0449:124,19531.00,2,62
621,Thingl-series-02.tif:0001-0196-0110:125,372.14,1,63
622,Thingl-series-02.tif:0001-0180-0183:125,596.21,1,63
623,Thingl-series-02.tif:0001-0208-0262:125,502.64,1,63
624,Thingl-series-02.tif:0001-0235-0362:125,561.82,1,63
625,Thingl-series-02.tif:0001-0326-0449:125,130.00,1,63
626,Thingl-series-02.tif:0001-0196-0110:126,19230.62,2,63
627,Thingl-series-02.tif:0001-0180-0183:126,19609.83,2,63
628,Thingl-series-02.tif:0001-0208-0262:126,20302.87,2,63
629,Thingl-series-02.tif:0001-0235-0362:126,20100.43,2,63
630,Thingl-series-02.tif:0001-0326-0449:126,19485.71,2,63
631,Thingl-series-02.tif:0001-0196-0110:127,375.18,1,64
632,Thingl-series-02.tif:0001-0180-0183:127,596.51,1,64
633,Thingl-series-02.tif:0001-0208-0262:127,504.20,1,64
634,Thingl-series-02.tif:0001-0235-0362:127,563.23,1,64
635,Thingl-series-02.tif:0001-0326-0449:127,130.38,1,64
636,Thingl-series-02.tif:0001-0196-0110:128,19104.40,2,64
637,Thingl-series-02.tif:0001-0180-0183:128,19593.38,2,64
638,Thingl-series-02.tif:0001-0208-0262:128,20320.22,2,64
639,Thingl-series-02.tif:0001-0235-0362:128,20069.78,2,64
640,Thingl-series-02.tif:0001-0326-0449:128,19547.47,2,64
641,Thingl-series-02.tif:0001-0196-0110:129,372.27,1,65
642,Thingl-series-02.tif:0001-0180-0183:129,592.82,1,65
643,Thingl-series-02.tif:0001-0208-0262:129,499.56,1,65
644,Thingl-series-02.tif:0001-0235-0362:129,559.71,1,65
645,Thingl-series-02.tif:0001-0326-0449:129,130.28,1,65
646,Thingl-series-02.tif:0001-0196-0110:130,19160.64,2,65
647,Thingl-series-02.tif:0001-0180-0183:130,19677.70,2,65
648,Thingl-series-02.tif:0001-0208-0262:130,20279.77,2,65
649,Thingl-series-02.tif:0001-0235-0362:130,19977.78,2,65
650,Thingl-series-02.tif:0001-0326-0449:130,19434.31,2,65
651,Thingl-series-02.tif:0001-0196-0110:131,373.81,1,66
652,Thingl-series-02.tif:0001-0180-0183:131,593.06,1,66
653,Thingl-series-02.tif:0001-0208-0262:131,500.51,1,66
654,Thingl-series-02.tif:0001-0235-0362:131,562.16,1,66
655,Thingl-series-02.tif:0001-0326-0449:131,130.87,1,66
656,Thingl-series-02.tif:0001-0196-0110:132,19222.39,2,66
657,Thingl-series-02.tif:0001-0180-0183:132,19626.15,2,66
658,Thingl-series-02.tif:0001-0208-0262:132,20257.81,2,66
659,Thingl-series-02.tif:0001-0235-0362:132,20019.88,2,66
660,Thingl-series-02.tif:0001-0326-0449:132,19629.81,2,66
661,Thingl-series-02.tif:0001-0196-0110:133,372.88,1,67
662,Thingl-series-02.tif:0001-0180-0183:133,591.13,1,67
663,Thingl-series-02.tif:0001-0208-0262:133,498.89,1,67
664,Thingl-series-02.tif:0001-0235-0362:133,559.63,1,67
665,Thingl-series-02.tif:0001-0326-0449:133,130.03,1,67
666,Thingl-series-02.tif:0001-0196-0110:134,19185.97,2,67
667,Thingl-series-02.tif:0001-0180-0183:134,19681.41,2,67
668,Thingl-series-02.tif:0001-0208-0262:134,20302.41,2,67
669,Thingl-series-02.tif:0001-0235-0362:134,19973.65,2,67
670,Thingl-series-02.tif:0001-0326-0449:134,19751.18,2,67
671,Thingl-series-02.tif:0001-0196-0110:135,374.14,1,68
672,Thingl-series-02.tif:0001-0180-0183:135,592.58,1,68
673,Thingl-series-02.tif:0001-0208-0262:135,500.41,1,68
674,Thingl-series-02.tif:0001-0235-0362:135,562.01,1,68
675,Thingl-series-02.tif:0001-0326-0449:135,130.16,1,68
676,Thingl-series-02.tif:0001-0196-0110:136,19226.35,2,68
677,Thingl-series-02.tif:0001-0180-0183:136,19656.32,2,68
678,Thingl-series-02.tif:0001-0208-0262:136,20290.05,2,68
679,Thingl-series-02.tif:0001-0235-0362:136,19995.89,2,68
680,Thingl-series-02.tif:0001-0326-0449:136,19684.60,2,68
681,Thingl-series-02.tif:0001-0196-0110:137,374.12,1,69
682,Thingl-series-02.tif:0001-0180-0183:137,590.96,1,69
683,Thingl-series-02.tif:0001-0208-0262:137,499.31,1,69
684,Thingl-series-02.tif:0001-0235-0362:137,562.39,1,69
685,Thingl-series-02.tif:0001-0326-0449:137,129.36,1,69
686,Thingl-series-02.tif:0001-0196-0110:138,19192.82,2,69
687,Thingl-series-02.tif:0001-0180-0183:138,19601.84,2,69
688,Thingl-series-02.tif:0001-0208-0262:138,20199.30,2,69
689,Thingl-series-02.tif:0001-0235-0362:138,19909.20,2,69
690,Thingl-series-02.tif:0001-0326-0449:138,19636.69,2,69
691,Thingl-series-02.tif:0001-0196-0110:139,375.08,1,70
692,Thingl-series-02.tif:0001-0180-0183:139,591.51,1,70
693,Thingl-series-02.tif:0001-0208-0262:139,501.52,1,70
694,Thingl-series-02.tif:0001-0235-0362:139,562.98,1,70
695,Thingl-series-02.tif:0001-0326-0449:139,130.24,1,70
696,Thingl-series-02.tif:0001-0196-0110:140,19062.99,2,70
697,Thingl-series-02.tif:0001-0180-0183:140,19584.95,2,70
698,Thingl-series-02.tif:0001-0208-0262:140,20273.82,2,70
699,Thingl-series-02.tif:0001-0235-0362:140,19945.64,2,70
700,Thingl-series-02.tif:0001-0326-0449:140,19443.58,2,70
701,Thingl-series-02.tif:0001-0196-0110:141,375.16,1,71
702,Thingl-series-02.tif:0001-0180-0183:141,593.02,1,71
703,Thingl-series-02.tif:0001-0208-0262:141,500.43,1,71
704,Thingl-series-02.tif:0001-0235-0362:141,563.05,1,71
705,Thingl-series-02.tif:0001-0326-0449:141,130.03,1,71
706,Thingl-series-02.tif:0001-0196-0110:142,19182.56,2,71
707,Thingl-series-02.tif:0001-0180-0183:142,19489.45,2,71
708,Thingl-series-02.tif:0001-0208-0262:142,20143.74,2,71
709,Thingl-series-02.tif:0001-0235-0362:142,19949.54,2,71
710,Thingl-series-02.tif:0001-0326-0449:142,19614.25,2,71
711,Thingl-series-02.tif:0001-0196-0110:143,375.09,1,72
712,Thingl-series-02.tif:0001-0180-0183:143,592.78,1,72
713,Thingl-series-02.tif:0001-0208-0262:143,499.93,1,72
714,Thingl-series-02.tif:0001-0235-0362:143,565.35,1,72
715,Thingl-series-02.tif:0001-0326-0449:143,130.55,1,72
716,Thingl-series-02.tif:0001-0196-0110:144,19153.62,2,72
717,Thingl-series-02.tif:0001-0180-0183:144,19569.68,2,72
718,Thingl-series-02.tif:0001-0208-0262:144,20175.35,2,72
719,Thingl-series-02.tif:0001-0235-0362:144,19964.23,2,72
720,Thingl-series-02.tif:0001-0326-0449:144,19613.07,2,72
721,Thingl-series-02.tif:0001-0196-0110:145,375.51,1,73
722,Thingl-series-02.tif:0001-0180-0183:145,593.60,1,73
723,Thingl-series-02.tif:0001-0208-0262:145,500.57,1,73
724,Thingl-series-02.tif:0001-0235-0362:145,566.03,1,73
725,Thingl-series-02.tif:0001-0326-0449:145,130.69,1,73
726,Thingl-series-02.tif:0001-0196-0110:146,19244.78,2,73
727,Thingl-series-02.tif:0001-0180-0183:146,19482.46,2,73
728,Thingl-series-02.tif:0001-0208-0262:146,20227.67,2,73
729,Thingl-series-02.tif:0001-0235-0362:146,19937.48,2,73
730,Thingl-series-02.tif:0001-0326-0449:146,19558.40,2,73
731,Thingl-series-02.tif:0001-0196-0110:147,374.35,1,74
732,Thingl-series-02.tif:0001-0180-0183:147,587.72,1,74
733,Thingl-series-02.tif:0001-0208-0262:147,496.64,1,74
734,Thingl-series-02.tif:0001-0235-0362:147,562.50,1,74
735,Thingl-series-02.tif:0001-0326-0449:147,130.52,1,74
736,Thingl-series-02.tif:0001-0196-0110:148,19108.34,2,74
737,Thingl-series-02.tif:0001-0180-0183:148,19524.14,2,74
738,Thingl-series-02.tif:0001-0208-0262:148,20087.49,2,74
739,Thingl-series-02.tif:0001-0235-0362:148,20056.57,2,74
740,Thingl-series-02.tif:0001-0326-0449:148,19548.98,2,74
741,Thingl-series-02.tif:0001-0196-0110:149,375.01,1,75
742,Thingl-series-02.tif:0001-0180-0183:149,590.98,1,75
743,Thingl-series-02.tif:0001-0208-0262:149,498.04,1,75
744,Thingl-series-02.tif:0001-0235-0362:149,564.95,1,75
745,Thingl-series-02.tif:0001-0326-0449:149,130.31,1,75
746,Thingl-series-02.tif:0001-0196-0110:150,19268.33,2,75
747,Thingl-series-02.tif:0001-0180-0183:150,19475.84,2,75
748,Thingl-series-02.tif:0001-0208-0262:150,20095.41,2,75
749,Thingl-series-02.tif:0001-0235-0362:150,19947.76,2,75
750,Thingl-series-02.tif:0001-0326-0449:150,19588.46,2,75
751,Thingl-series-02.tif:0001-0196-0110:151,373.12,1,76
752,Thingl-series-02.tif:0001-0180-0183:151,589.06,1,76
753,Thingl-series-02.tif:0001-0208-0262:151,496.03,1,76
754,Thingl-series-02.tif:0001-0235-0362:151,563.22,1,76
755,Thingl-series-02.tif:0001-0326-0449:151,129.59,1,76
756,Thingl-series-02.tif:0001-0196-0110:152,19159.20,2,76
757,Thingl-series-02.tif:0001-0180-0183:152,19489.88,2,76
758,Thingl-series-02.tif:0001-0208-0262:152,20168.01,2,76
759,Thingl-series-02.tif:0001-0235-0362:152,20000.73,2,76
760,Thingl-series-02.tif:0001-0326-0449:152,19454.81,2,76
761,Thingl-series-02.tif:0001-0196-0110:153,375.72,1,77
762,Thingl-series-02.tif:0001-0180-0183:153,590.02,1,77
763,Thingl-series-02.tif:0001-0208-0262:153,496.69,1,77
764,Thingl-series-02.tif:0001-0235-0362:153,563.52,1,77
765,Thingl-series-02.tif:0001-0326-0449:153,129.25,1,77
766,Thingl-series-02.tif:0001-0196-0110:154,19112.48,2,77
767,Thingl-series-02.tif:0001-0180-0183:154,19518.56,2,77
768,Thingl-series-02.tif:0001-0208-0262:154,20192.43,2,77
769,Thingl-series-02.tif:0001-0235-0362:154,20011.70,2,77
770,Thingl-series-02.tif:0001-0326-0449:154,19361.37,2,77
771,Thingl-series-02.tif:0001-0196-0110:155,372.77,1,78
772,Thingl-series-02.tif:0001-0180-0183:155,586.34,1,78
773,Thingl-series-02.tif:0001-0208-0262:155,492.39,1,78
774,Thingl-series-02.tif:0001-0235-0362:155,561.14,1,78
775,Thingl-series-02.tif:0001-0326-0449:155,129.47,1,78
776,Thingl-series-02.tif:0001-0196-0110:156,19170.95,2,78
777,Thingl-series-02.tif:0001-0180-0183:156,19600.01,2,78
778,Thingl-series-02.tif:0001-0208-0262:156,20278.35,2,78
779,Thingl-series-02.tif:0001-0235-0362:156,20014.03,2,78
780,Thingl-series-02.tif:0001-0326-0449:156,19531.30,2,78
781,Thingl-series-02.tif:0001-0196-0110:157,373.72,1,79
782,Thingl-series-02.tif:0001-0180-0183:157,587.22,1,79
783,Thingl-series-02.tif:0001-0208-0262:157,494.18,1,79
784,Thingl-series-02.tif:0001-0235-0362:157,565.08,1,79
785,Thingl-series-02.tif:0001-0326-0449:157,130.33,1,79
786,Thingl-series-02.tif:0001-0196-0110:158,19088.86,2,79
787,Thingl-series-02.tif:0001-0180-0183:158,19560.06,2,79
788,Thingl-series-02.tif:0001-0208-0262:158,20180.92,2,79
789,Thingl-series-02.tif:0001-0235-0362:158,19983.49,2,79
790,Thingl-series-02.tif:0001-0326-0449:158,19306.79,2,79
791,Thingl-series-02.tif:0001-0196-0110:159,373.37,1,80
792,Thingl-series-02.tif:0001-0180-0183:159,585.32,1,80
793,Thingl-series-02.tif:0001-0208-0262:159,492.12,1,80
794,Thingl-series-02.tif:0001-0235-0362:159,562.35,1,80
795,Thingl-series-02.tif:0001-0326-0449:159,129.55,1,80
796,Thingl-series-02.tif:0001-0196-0110:160,19159.19,2,80
797,Thingl-series-02.tif:0001-0180-0183:160,19406.11,2,80
798,Thingl-series-02.tif:0001-0208-0262:160,20204.39,2,80
799,Thingl-series-02.tif:0001-0235-0362:160,20015.55,2,80
800,Thingl-series-02.tif:0001-0326-0449:160,19393.11,2,80
801,Thingl-series-02.tif:0001-0196-0110:161,375.05,1,81
802,Thingl-series-02.tif:0001-0180-0183:161,587.38,1,81
803,Thingl-series-02.tif:0001-0208-0262:161,492.78,1,81
804,Thingl-series-02.tif:0001-0235-0362:161,563.89,1,81
805,Thingl-series-02.tif:0001-0326-0449:161,128.98,1,81
806,Thingl-series-02.tif:0001-0196-0110:162,19154.15,2,81
807,Thingl-series-02.tif:0001-0180-0183:162,19471.85,2,81
808,Thingl-series-02.tif:0001-0208-0262:162,20123.37,2,81
809,Thingl-series-02.tif:0001-0235-0362:162,19972.26,2,81
810,Thingl-series-02.tif:0001-0326-0449:162,19618.05,2,81
811,Thingl-series-02.tif:0001-0196-0110:163,374.26,1,82
812,Thingl-series-02.tif:0001-0180-0183:163,584.15,1,82
813,Thingl-series-02.tif:0001-0208-0262:163,490.02,1,82
814,Thingl-series-02.tif:0001-0235-0362:163,560.92,1,82
815,Thingl-series-02.tif:0001-0326-0449:163,129.40,1,82
816,Thingl-series-02.tif:0001-0196-0110:164,19122.66,2,82
817,Thingl-series-02.tif:0001-0180-0183:164,19565.49,2,82
818,Thingl-series-02.tif:0001-0208-0262:164,20095.10,2,82
819,Thingl-series-02.tif:0001-0235-0362:164,20027.14,2,82
820,Thingl-series-02.tif:0001-0326-0449:164,19461.54,2,82
821,Thingl-series-02.tif:0001-0196-0110:165,373.74,1,83
822,Thingl-series-02.tif:0001-0180-0183:165,583.54,1,83
823,Thingl-series-02.tif:0001-0208-0262:165,488.99,1,83
824,Thingl-series-02.tif:0001-0235-0362:165,562.21,1,83
825,Thingl-series-02.tif:0001-0326-0449:165,129.55,1,83
826,Thingl-series-02.tif:0001-0196-0110:166,19160.67,2,83
827,Thingl-series-02.tif:0001-0180-0183:166,19509.05,2,83
828,Thingl-series-02.tif:0001-0208-0262:166,20135.55,2,83
829,Thingl-series-02.tif:0001-0235-0362:166,19879.39,2,83
830,Thingl-series-02.tif:0001-0326-0449:166,19291.04,2,83
831,Thingl-series-02.tif:0001-0196-0110:167,374.66,1,84
832,Thingl-series-02.tif:0001-0180-0183:167,585.00,1,84
833,Thingl-series-02.tif:0001-0208-0262:167,488.00,1,84
834,Thingl-series-02.tif:0001-0235-0362:167,560.86,1,84
835,Thingl-series-02.tif:0001-0326-0449:167,129.49,1,84
836,Thingl-series-02.tif:0001-0196-0110:168,19366.85,2,84
837,Thingl-series-02.tif:0001-0180-0183:168,19463.16,2,84
838,Thingl-series-02.tif:0001-0208-0262:168,20200.77,2,84
839,Thingl-series-02.tif:0001-0235-0362:168,19915.96,2,84
840,Thingl-series-02.tif:0001-0326-0449:168,19424.25,2,84
841,Thingl-series-02.tif:0001-0196-0110:169,372.41,1,85
842,Thingl-series-02.tif:0001-0180-0183:169,580.70,1,85
843,Thingl-series-02.tif:0001-0208-0262:169,484.71,1,85
844,Thingl-series-02.tif:0001-0235-0362:169,559.65,1,85
845,Thingl-series-02.tif:0001-0326-0449:169,128.65,1,85
846,Thingl-series-02.tif:0001-0196-0110:170,19206.74,2,85
847,Thingl-series-02.tif:0001-0180-0183:170,19436.11,2,85
848,Thingl-series-02.tif:0001-0208-0262:170,20067.29,2,85
849,Thingl-series-02.tif:0001-0235-0362:170,19956.80,2,85
850,Thingl-series-02.tif:0001-0326-0449:170,19528.10,2,85
851,Thingl-series-02.tif:0001-0196-0110:171,373.73,1,86
852,Thingl-series-02.tif:0001-0180-0183:171,581.53,1,86
853,Thingl-series-02.tif:0001-0208-0262:171,484.66,1,86
854,Thingl-series-02.tif:0001-0235-0362:171,560.47,1,86
855,Thingl-series-02.tif:0001-0326-0449:171,129.09,1,86
856,Thingl-series-02.tif:0001-0196-0110:172,19159.56,2,86
857,Thingl-series-02.tif:0001-0180-0183:172,19434.28,2,86
858,Thingl-series-02.tif:0001-0208-0262:172,20109.61,2,86
859,Thingl-series-02.tif:0001-0235-0362:172,20028.19,2,86
860,Thingl-series-02.tif:0001-0326-0449:172,19380.78,2,86
861,Thingl-series-02.tif:0001-0196-0110:173,371.78,1,87
862,Thingl-series-02.tif:0001-0180-0183:173,578.82,1,87
863,Thingl-series-02.tif:0001-0208-0262:173,481.65,1,87
864,Thingl-series-02.tif:0001-0235-0362:173,558.73,1,87
865,Thingl-series-02.tif:0001-0326-0449:173,128.45,1,87
866,Thingl-series-02.tif:0001-0196-0110:174,19141.55,2,87
867,Thingl-series-02.tif:0001-0180-0183:174,19523.35,2,87
868,Thingl-series-02.tif:0001-0208-0262:174,20142.59,2,87
869,Thingl-series-02.tif:0001-0235-0362:174,19918.74,2,87
870,Thingl-series-02.tif:0001-0326-0449:174,19450.00,2,87
871,Thingl-series-02.tif:0001-0196-0110:175,373.34,1,88
872,Thingl-series-02.tif:0001-0180-0183:175,581.17,1,88
873,Thingl-series-02.tif:0001-0208-0262:175,482.23,1,88
874,Thingl-series-02.tif:0001-0235-0362:175,559.56,1,88
875,Thingl-series-02.tif:0001-0326-0449:175,128.74,1,88
876,Thingl-series-02.tif:0001-0196-0110:176,19182.49,2,88
877,Thingl-series-02.tif:0001-0180-0183:176,19413.09,2,88
878,Thingl-series-02.tif:0001-0208-0262:176,20036.72,2,88
879,Thingl-series-02.tif:0001-0235-0362:176,19875.56,2,88
880,Thingl-series-02.tif:0001-0326-0449:176,19396.69,2,88
881,Thingl-series-02.tif:0001-0196-0110:177,371.27,1,89
882,Thingl-series-02.tif:0001-0180-0183:177,576.99,1,89
883,Thingl-series-02.tif:0001-0208-0262:177,480.00,1,89
884,Thingl-series-02.tif:0001-0235-0362:177,556.55,1,89
885,Thingl-series-02.tif:0001-0326-0449:177,128.42,1,89
886,Thingl-series-02.tif:0001-0196-0110:178,19226.17,2,89
887,Thingl-series-02.tif:0001-0180-0183:178,19498.07,2,89
888,Thingl-series-02.tif:0001-0208-0262:178,20096.29,2,89
889,Thingl-series-02.tif:0001-0235-0362:178,19920.19,2,89
890,Thingl-series-02.tif:0001-0326-0449:178,19210.54,2,89
891,Thingl-series-02.tif:0001-0196-0110:179,373.15,1,90
892,Thingl-series-02.tif:0001-0180-0183:179,580.72,1,90
893,Thingl-series-02.tif:0001-0208-0262:179,480.43,1,90
894,Thingl-series-02.tif:0001-0235-0362:179,558.45,1,90
895,Thingl-series-02.tif:0001-0326-0449:179,129.30,1,90
896,Thingl-series-02.tif:0001-0196-0110:180,19214.11,2,90
897,Thingl-series-02.tif:0001-0180-0183:180,19440.02,2,90
898,Thingl-series-02.tif:0001-0208-0262:180,19970.04,2,90
899,Thingl-series-02.tif:0001-0235-0362:180,19882.19,2,90
900,Thingl-series-02.tif:0001-0326-0449:180,19504.35,2,90
901,Thingl-series-02.tif:0001-0196-0110:181,372.19,1,91
902,Thingl-series-02.tif:0001-0180-0183:181,577.00,1,91
903,Thingl-series-02.tif:0001-0208-0262:181,478.72,1,91
904,Thingl-series-02.tif:0001-0235-0362:181,557.85,1,91
905,Thingl-series-02.tif:0001-0326-0449:181,128.69,1,91
906,Thingl-series-02.tif:0001-0196-0110:182,19133.68,2,91
907,Thingl-series-02.tif:0001-0180-0183:182,19437.31,2,91
908,Thingl-series-02.tif:0001-0208-0262:182,19994.95,2,91
909,Thingl-series-02.tif:0001-0235-0362:182,19891.95,2,91
910,Thingl-series-02.tif:0001-0326-0449:182,19311.34,2,91
911,Thingl-series-02.tif:0001-0196-0110:183,372.59,1,92
912,Thingl-series-02.tif:0001-0180-0183:183,579.65,1,92
913,Thingl-series-02.tif:0001-0208-0262:183,479.52,1,92
914,Thingl-series-02.tif:0001-0235-0362:183,560.01,1,92
915,Thingl-series-02.tif:0001-0326-0449:183,129.21,1,92
916,Thingl-series-02.tif:0001-0196-0110:184,19132.63,2,92
917,Thingl-series-02.tif:0001-0180-0183:184,19369.37,2,92
918,Thingl-series-02.tif:0001-0208-0262:184,20066.89,2,92
919,Thingl-series-02.tif:0001-0235-0362:184,19887.00,2,92
920,Thingl-series-02.tif:0001-0326-0449:184,19412.98,2,92
921,Thingl-series-02.tif:0001-0196-0110:185,372.57,1,93
922,Thingl-series-02.tif:0001-0180-0183:185,575.30,1,93
923,Thingl-series-02.tif:0001-0208-0262:185,476.01,1,93
924,Thingl-series-02.tif:0001-0235-0362:185,559.02,1,93
925,Thingl-series-02.tif:0001-0326-0449:185,128.66,1,93
926,Thingl-series-02.tif:0001-0196-0110:186,19232.03,2,93
927,Thingl-series-02.tif:0001-0180-0183:186,19497.80,2,93
928,Thingl-series-02.tif:0001-0208-0262:186,20017.42,2,93
929,Thingl-series-02.tif:0001-0235-0362:186,19966.50,2,93
930,Thingl-series-02.tif:0001-0326-0449:186,19417.81,2,93
931,Thingl-series-02.tif:0001-0196-0110:187,372.85,1,94
932,Thingl-series-02.tif:0001-0180-0183:187,577.89,1,94
933,Thingl-series-02.tif:0001-0208-0262:187,477.15,1,94
934,Thingl-series-02.tif:0001-0235-0362:187,560.32,1,94
935,Thingl-series-02.tif:0001-0326-0449:187,129.47,1,94
936,Thingl-series-02.tif:0001-0196-0110:188,19144.40,2,94
937,Thingl-series-02.tif:0001-0180-0183:188,19395.08,2,94
938,Thingl-series-02.tif:0001-0208-0262:188,20007.55,2,94
939,Thingl-series-02.tif:0001-0235-0362:188,19931.24,2,94
940,Thingl-series-02.tif:0001-0326-0449:188,19267.52,2,94
941,Thingl-series-02.tif:0001-0196-0110:189,372.56,1,95
942,Thingl-series-02.tif:0001-0180-0183:189,576.72,1,95
943,Thingl-series-02.tif:0001-0208-0262:189,474.65,1,95
944,Thingl-series-02.tif:0001-0235-0362:189,558.26,1,95
945,Thingl-series-02.tif:0001-0326-0449:189,128.92,1,95
946,Thingl-series-02.tif:0001-0196-0110:190,19196.21,2,95
947,Thingl-series-02.tif:0001-0180-0183:190,19401.79,2,95
948,Thingl-series-02.tif:0001-0208-0262:190,19967.35,2,95
949,Thingl-series-02.tif:0001-0235-0362:190,19925.78,2,95
950,Thingl-series-02.tif:0001-0326-0449:190,19333.97,2,95
951,Thingl-series-02.tif:0001-0196-0110:191,372.11,1,96
952,Thingl-series-02.tif:0001-0180-0183:191,575.51,1,96
953,Thingl-series-02.tif:0001-0208-0262:191,474.81,1,96
954,Thingl-series-02.tif:0001-0235-0362:191,560.59,1,96
955,Thingl-series-02.tif:0001-0326-0449:191,129.28,1,96
956,Thingl-series-02.tif:0001-0196-0110:192,19142.54,2,96
957,Thingl-series-02.tif:0001-0180-0183:192,19505.98,2,96
958,Thingl-series-02.tif:0001-0208-0262:192,20014.32,2,96
959,Thingl-series-02.tif:0001-0235-0362:192,19949.85,2,96
960,Thingl-series-02.tif:0001-0326-0449:192,19434.92,2,96
961,Thingl-series-02.tif:0001-0196-0110:193,371.84,1,97
962,Thingl-series-02.tif:0001-0180-0183:193,574.41,1,97
963,Thingl-series-02.tif:0001-0208-0262:193,471.85,1,97
964,Thingl-series-02.tif:0001-0235-0362:193,558.96,1,97
965,Thingl-series-02.tif:0001-0326-0449:193,128.69,1,97
966,Thingl-series-02.tif:0001-0196-0110:194,19150.77,2,97
967,Thingl-series-02.tif:0001-0180-0183:194,19490.38,2,97
968,Thingl-series-02.tif:0001-0208-0262:194,20082.51,2,97
969,Thingl-series-02.tif:0001-0235-0362:194,19927.49,2,97
970,Thingl-series-02.tif:0001-0326-0449:194,19467.37,2,97
971,Thingl-series-02.tif:0001-0196-0110:195,371.57,1,98
972,Thingl-series-02.tif:0001-0180-0183:195,571.39,1,98
973,Thingl-series-02.tif:0001-0208-0262:195,470.59,1,98
974,Thingl-series-02.tif:0001-0235-0362:195,557.76,1,98
975,Thingl-series-02.tif:0001-0326-0449:195,128.64,1,98
976,Thingl-series-02.tif:0001-0196-0110:196,19130.56,2,98
977,Thingl-series-02.tif:0001-0180-0183:196,19382.44,2,98
978,Thingl-series-02.tif:0001-0208-0262:196,19945.06,2,98
979,Thingl-series-02.tif:0001-0235-0362:196,19979.20,2,98
980,Thingl-series-02.tif:0001-0326-0449:196,19252.54,2,98
981,Thingl-series-02.tif:0001-0196-0110:197,370.75,1,99
982,Thingl-series-02.tif:0001-0180-0183:197,571.46,1,99
983,Thingl-series-02.tif:0001-0208-0262:197,468.55,1,99
984,Thingl-series-02.tif:0001-0235-0362:197,559.99,1,99
985,Thingl-series-02.tif:0001-0326-0449:197,129.01,1,99
986,Thingl-series-02.tif:0001-0196-0110:198,19076.11,2,99
987,Thingl-series-02.tif:0001-0180-0183:198,19376.50,2,99
988,Thingl-series-02.tif:0001-0208-0262:198,19896.39,2,99
989,Thingl-series-02.tif:0001-0235-0362:198,20009.33,2,99
990,Thingl-series-02.tif:0001-0326-0449:198,19374.67,2,99
991,Thingl-series-02.tif:0001-0196-0110:199,372.20,1,100
992,Thingl-series-02.tif:0001-0180-0183:199,571.65,1,100
993,Thingl-series-02.tif:0001-0208-0262:199,467.92,1,100
994,Thingl-series-02.tif:0001-0235-0362:199,558.76,1,100
995,Thingl-series-02.tif:0001-0326-0449:199,128.44,1,100
996,Thingl-series-02.tif:0001-0196-0110:200,19259.56,2,100
997,Thingl-series-02.tif:0001-0180-0183:200,19452.77,2,100
998,Thingl-series-02.tif:0001-0208-0262:200,19961.77,2,100
999,Thingl-series-02.tif:0001-0235-0362:200,19968.45,2,100
1000,Thingl-series-02.tif:0001-0326-0449:200,19468.56,2,100
